1,Microsoft Office,2022-01-20
2,Adobe Photoshop,2022-02-15
3,Google Chrome,2022-03-10
4,AutoCAD,2022-04-25
5,Visual Studio Code,2022-05-30
6,Adobe Illustrator,2022-06-15
7,Sublime Text,2022-07-20
8,VMware Workstation,2022-08-05
9,Adobe Premiere Pro,2022-09-10
10,Eclipse IDE,2022-10-15
11,MySQL,2022-11-20
12,Photoshop Express,2022-12-25
13,Android Studio,2023-01-10
14,Unity,2023-02-15
15,AutoCAD LT,2023-03-20
16,Adobe InDesign,2023-04-25
17,SketchUp,2023-05-30
18,Blender,2023-06-15
19,Notepad++,2023-07-20
20,Git,2023-08-25
21,NetBeans,2023-09-30
22,FileZilla,2023-10-05
23,GIMP,2023-11-10
24,NetLogo,2023-12-15
25,LibreOffice,2024-01-20
