1,Smith,John,w97Ap38pZR
2,Johnson,Mary,TwYh4Bq549
3,Williams,David,3dDn2pJ39A
4,Jones,Linda,kEc3w4JQ32
5,Brown,Michael,7f6QFidF54
6,Miller,Susan,4B3Dpx65qQ
7,Davis,Robert,E4L89z5sNj
8,Garcia,Patricia,fd95z65ETP
9,Martinez,William,mL4PEyb486
10,Anderson,Elizabeth,yGk954UH2c
11,Taylor,Thomas,22fVu8Gv9G
12,Thomas,Laura,3HmZ57vf2J
13,Harris,Donald,6wJC6j2Di6
14,Clark,Lisa,ZwN5Lk2r34
15,Lewis,Joseph,86XefeA38N
16,Young,Mary,S58qGi8Te7
17,Wright,David,dYT46r93Pp
18,Martin,Michelle,4Nkc4d8QH7
19,Walker,William,F72yD64aGq
20,White,Karen,69HcPeMx58
21,Hall,Richard,Zyp6nGS287
22,Allen,Susan,g52arT56CK
23,King,James,78XS9mt8cJ
24,Scott,Carol,5QA78Vv7wm
25,Baker,Daniel,4989kbeRYK
26,Adams,Deborah,FV85fR5v8y
27,Green,Charles,6229zpFRJg
28,Hill,Margaret,v223GnN4Yh
29,Turner,Ronald,96S2F8iHwu
30,Hughes,Sarah,48p2gmTM4L
31,Ward,Steven,3XQNzg7z87
32,Evans,Susan,PQy6322tfF
33,Brooks,John,meLBk6M476
34,Gray,Donna,XD79sSb36s
35,James,Jeffrey,2wB463tSFm
36,Reyes,Karen,dv32WaQM84
37,Cruz,Brian,3nCQVjg336
38,Hughes,Susan,EEava9S998
39,Price,Patrick,62PR2Kay5p
40,Myers,Karen,spL3m7Y26W
41,Long,Scott,Mx4L228rnG
42,Foster,Jennifer,4yGMWt24j8
43,Sanders,Mark,Hv98kh32FW
44,Ross,Linda,Z7AK5ptz48
45,Palmer,George,6a577zRUiT
46,Cole,Melissa,2twV38MXy7
47,Perry,Edward,2dy2SCJ98x
48,Butler,Laura,65HaG9Fuq2
49,Rice,Thomas,2x9M6V4tHs
50,Barnes,Kimberly,3QhN78E3cb
51,Fisher,Matthew,3m4BvzYV58
52,Young,Maria,t2fkM25W4E
53,Knight,Kenneth,UA2a6r8p3Y
54,Brooks,Jessica,6xWBV74j9b
55,Kelly,Patrick,4mFfHb32M4
56,Ward,Melissa,PbJ2zy77F5
57,Turner,William,746zWr6cAU
58,Warren,Cynthia,f3N7svAA76
59,Edwards,Robert,T3s74aXz5H
60,Reyes,Christine,T6iWDi68r2
61,Cox,Michael,Gr43hX6nA4
62,Wood,Susan,32sQTnA4h6
63,Stewart,Joseph,V8yDkyR432
64,Murphy,Deborah,2CLj2v65bS
65,Rogers,Daniel,r32KJAqm59
66,Kelly,Lisa,6N35ni7nEB
67,Perez,John,2n642LaFUm
68,Watson,Karen,56x7rUF6fU
69,Perry,Jason,y56uXPFi72
70,Richardson,Donna,jXYJ6i755x
71,Cook,Brian,769N5sCJaa
72,Morales,Rebecca,5h5K2HiZ5s
73,Gray,James,6ShUAq33n7
74,James,Susan,2af3K2xXP4
75,Collins,Richard,33H7cJF8iy
76,Bell,Carol,65u8pk9PPE
77,Gomez,William,ekM43JyF39
78,Kelly,Sarah,2Hbr3tR9V3
79,Reyes,George,9Cq973CTvs
80,Wright,Linda,m55UR9r6gL
81,Flores,Christopher,HK8m57P3si
82,Hayes,Angela,sg4L6A2Jd7
83,Gordon,Matthew,6U5BQqt58v
84,Kim,Deborah,MGG8a3x65q
85,Simmons,Scott,Ja98jBN66d
86,Armstrong,Cynthia,CmUg3533mM
87,Bryant,Michael,4vr9HTjU88
88,Richardson,Donna,H7jf7xC9Y4
89,Wells,Mark,57E2M2vGqf
90,Stewart,Karen,m3fE9Mt33X
91,Murphy,James,63X9C8Tmvz
92,Campbell,Laura,r5m8D5J7uK
93,Sanders,Richard,b9bC393ZCh
94,Powell,Lisa,Ds4jNH4y82
95,Price,David,8xLn3cFH52
96,Myers,Carol,85xRSkx35T
97,Franklin,Larry,DF423Hbj7r
98,Kennedy,Mary,2xRs84tGV5
99,Kim,Kevin,5X7i84DufB
100,Simmons,Cynthia,ksS7yE3B85
